0.0,0.0,0.01,0.0551,0.0831176846030756,0.0,0.5098111129999999,0.093526499,0.303135889,0.093526499,0.9860677373188,1255.0,0.36408,0.6359199999999999,0.5,0.001,0.069132337,0.930867663,0.0,25.0,24.0,0.0,0.0,1.0,950.0,3.0,5.0,0.0,1.0
0.0,0.0,0.0,0.022000000000000002,0.011000000000000001,0.0,0.42,0.01,0.48,0.1,1.38,699.0,0.447,0.384,0.8,0.0,0.3125,0.625,0.0,120.0,24.0,1.0,0.0,0.0,1100.0,1.0,16.810489181765018,0.0,0.0
0.0,0.0,0.0,0.022000000000000002,0.011000000000000001,0.0,0.352882704,0.01,0.5516898610000001,0.095427435,1.34,821.0,0.44299999999999995,0.355,0.8,0.0,0.3125,0.625,0.0,120.0,24.0,1.0,0.0,0.0,1100.0,1.0,15.036180890729666,0.0,1.0
0.0,0.0,0.0,0.013000000000000001,0.011000000000000001,0.0,0.301204819,0.01,0.602409639,0.09638554199999999,1.28,658.0,0.21283000000000002,0.52152,0.8,0.0,0.23809523800000001,0.47619047600000003,0.23809523800000001,120.0,24.0,0.0,0.0,1.0,1100.0,1.0,10.807355907156387,0.0,1.0
0.0125,0.0252,0.0,0.0311,0.1664,0.0,0.663987138,0.026045016,0.27106109300000003,0.038906752,1.02,1539.0,0.0,0.55081,0.49362739615138207,0.0,0.08620689699999999,0.9074410159999999,0.001814882,40.0,24.0,1.0,0.0,0.0,900.0,3.0,5.0,0.0,0.0
0.0,0.019233479780331915,0.0,0.05749234335980752,0.09716503076019439,0.0,0.44025094299999995,0.45635012,0.103398937,0.01,0.98,1037.0,1.0,0.0,0.58,0.0,0.18276185399999997,0.8034422720000001,0.0,25.0,0.25,1.0,0.0,0.0,1000.0,2.0,5.0,0.0,0.0
0.0,0.0117,0.0093,0.09068999999999999,0.13050997173475393,0.0,0.25529,0.52344,0.22127,0.01,1.082694103694981,858.9389895887415,0.3662328700340527,0.5884087775041454,1.095,0.14247619,0.14247619,0.572571429,0.0,25.0,6.0,1.0,0.0,0.0,900.0,2.0,5.0,1.0,0.0
0.0,0.0,0.03,0.054166792094628734,0.08598149672271437,0.0,0.42,0.18,0.175,0.225,1.26,1264.9,0.91894,0.08106000000000001,0.4,0.000954404,0.121609556,0.87743604,0.0,220.0,18.0,1.0,0.0,0.0,1000.0,2.0,10.0,0.0,0.0
0.0,0.0,0.03,0.05014993021818263,0.09101665419095148,0.0,0.363636364,0.20202020199999998,0.181818182,0.252525253,1.3980731594829974,879.7339300425881,0.39412665573658084,0.5615607277515153,0.4,0.00326775,0.23279029,0.7639419609999999,0.0,25.0,24.0,0.0,1.0,0.0,1000.0,2.0,10.0,0.0,0.0
0.0,0.0,0.0317,0.0657,0.05359230776365012,0.0,0.532724505,0.08066971099999999,0.316590563,0.070015221,1.03,754.0,0.0,0.20057,0.5,0.048211364465105766,0.043780542,0.634566493,0.321652965,25.0,24.0,0.0,1.0,0.0,950.0,3.0,2.0,0.0,1.0
0.0258,0.0,0.0147,0.0454,0.0244,0.0,0.24801762100000002,0.01,0.45396475799999997,0.298017621,2.38,757.37,0.2,0.8,0.5922862827010741,0.006537532507500891,0.170940171,0.8290598290000001,0.0,25.0,24.0,1.0,0.0,0.0,1000.0,2.0,19.7399357635771,0.0,0.0
0.0247,0.0,0.0146,0.0535,0.0287,0.0,0.241448692,0.01,0.442655936,0.315895372,1.8363198168199852,1483.2,0.8,0.2,0.6377717407474252,0.006389784036740901,0.170940171,0.8290598290000001,0.0,25.0,24.0,1.0,0.0,0.0,1000.0,2.0,20.760657707981153,0.0,0.0
0.0,0.042,0.0,0.061,0.021,0.0,0.376237624,0.01,0.440594059,0.183168317,1.44,324.0,0.52,0.35,0.8,0.076923077,0.173076923,0.75,0.0,60.0,0.5,1.0,0.0,0.0,900.0,3.0,30.0,0.0,1.0
0.0,0.048,0.0,0.07400000000000001,0.065,0.0,0.45299999999999996,0.01,0.41200000000000003,0.135,1.49,479.0,0.65,0.16,0.8,0.072111051,0.162249865,0.7030827470000001,0.062556337,60.0,0.5,1.0,0.0,0.0,900.0,3.0,30.0,0.0,1.0
0.0,0.05636,0.0,0.048,0.055,0.0,0.43243243200000003,0.01,0.44044044,0.12712712699999998,1.5,500.0,0.71,0.07,0.8,0.073072707,0.164413592,0.712458897,0.050054805,60.0,0.5,1.0,0.0,0.0,900.0,3.0,30.0,0.0,1.0
0.0,0.05314,0.0,0.055999999999999994,0.073,0.0,0.445362718,0.01,0.330578512,0.22405877,1.48,426.0,0.27,0.13,0.8,0.076886112,0.172993753,0.749639596,0.000480538,60.0,0.5,1.0,0.0,0.0,900.0,3.0,30.0,0.0,1.0
0.024,0.062,0.0,0.091,0.024,0.0,0.47944248899999997,0.01,0.496558309,0.023999202,1.52,825.0,0.94,0.01,0.8,0.07680639,0.17281437800000002,0.748862305,0.001516926,60.0,0.5,1.0,0.0,0.0,900.0,3.0,30.0,0.0,1.0
0.0,0.0,0.03,0.0578,0.05466653924611888,0.0,0.40727902899999996,0.022530328999999998,0.5511265160000001,0.019064125,1.03,1021.0,0.20475,0.61965,0.6,0.003557105,0.12449867099999999,0.871944225,0.0,25.0,24.0,0.0,1.0,0.0,1000.0,2.0,5.0,0.0,1.0
0.01,0.0,0.021,0.045,0.05614931731389988,0.0,0.596546311,0.141287284,0.050235479000000006,0.21193092600000002,0.84,640.0,0.84429,0.0,0.8,0.0028502009999999997,0.19001336800000002,0.807136431,0.0,60.0,24.0,1.0,0.0,0.0,1100.0,1.0,4.6601672252725255,0.0,0.0
0.0,0.043,0.0,0.0517,0.040999999999999995,0.0,0.5136186770000001,0.19455252899999997,0.291828794,0.01,1.25,830.0,0.45982,0.4936,0.4,0.0,0.14133949199999998,0.84295612,0.0,25.0,24.0,1.0,0.0,0.0,900.0,1.0,5.0,0.0,0.0
0.0,0.013999999999999999,0.0,0.067,0.341,0.0,0.494768311,0.278026906,0.22720478300000002,0.01,1.25,830.0,0.28965,0.63437,0.4,0.0,0.07852194,0.84295612,0.0,25.0,24.0,1.0,0.0,0.0,900.0,1.0,5.0,0.0,0.0
0.0,0.0,0.0603,0.0482,0.0292,0.0,0.502074689,0.010373444,0.334024896,0.15352697099999998,0.9323758918536171,731.0,0.85636,0.14364000000000002,0.8170000000000001,0.00336749,0.195017799,0.7812889120000001,0.020325799,64.90489665743102,22.996915009564574,0.0,1.0,0.0,1050.0,1.0,4.416004705996864,1.0,0.0
0.0,0.0,0.00055,0.0648,0.0269,0.0,0.45833333299999995,0.063271605,0.367283951,0.111111111,1.0337989203721127,894.0,0.94855,0.05145,0.8170000000000001,0.00336749,0.195017799,0.7812889120000001,0.020325799,75.36010970160092,9.661404456518602,0.0,1.0,0.0,1050.0,1.0,5.257256293400092,1.0,0.0
0.0,0.0,0.00256,0.0479,0.0163,0.0,0.461377871,0.029227557,0.361169102,0.14822547,1.0520588552537866,1257.0,0.88305,0.11695,0.8170000000000001,0.00336749,0.195017799,0.7812889120000001,0.020325799,84.69646654534077,15.381553928188488,0.0,1.0,0.0,1050.0,1.0,5.794854339062061,1.0,0.0
0.0,0.0,0.00106,0.0698,0.026000000000000002,0.0,0.437677054,0.06657223799999999,0.325779037,0.16997167100000002,1.0372382064956722,923.0,0.93391,0.06609,0.8170000000000001,0.00336749,0.195017799,0.7812889120000001,0.020325799,72.78054008250302,10.791153330340656,0.0,1.0,0.0,1050.0,1.0,5.288101666145934,1.0,0.0
0.0,0.0,0.00072,0.0742,0.016,0.0,0.471698113,0.080862534,0.334231806,0.11320754699999999,1.0542479989657476,1140.0,0.9535100000000001,0.04649,0.8170000000000001,0.00336749,0.195017799,0.7812889120000001,0.020325799,79.41534761518339,12.463944727735683,0.0,1.0,0.0,1050.0,1.0,4.997204483945502,1.0,0.0
0.0032,0.0,0.0532,0.07432000000000001,0.10185,0.0,0.5963657439410674,0.16713392157672868,0.16586257300612936,0.09809974384096445,1.0004426320907904,904.5,0.28811,0.7118899999999999,0.5,0.005570893,0.10584697300000001,0.8885821340000001,0.0,25.0,24.0,1.0,0.0,0.0,950.0,2.0,5.0,0.0,0.0
0.0003,0.0,0.0509,0.07722000000000001,0.11,0.0,0.5406778577485404,0.1812257375222694,0.1865368930587451,0.09126360577995857,1.0016175661137063,495.99,0.25259000000000004,0.74741,0.5,0.004784892,0.09091294,0.763211382,0.141090786,25.0,24.0,1.0,0.0,0.0,950.0,2.0,5.0,0.0,0.0
0.0092,0.0,0.0553,0.07288,0.12900999999999999,0.0,0.5514370918466512,0.17400382562018005,0.16671755339528363,0.10409220227354749,1.005310813846117,706.3,0.35408,0.6459199999999999,0.5,0.005570893,0.10584697300000001,0.8885821340000001,0.0,25.0,24.0,1.0,0.0,0.0,950.0,2.0,5.0,0.0,0.0
0.0002,0.0,0.0518,0.08448,0.09894,0.0,0.5580983914822945,0.18267186967479193,0.2050429371385868,0.06677493712628854,1.001823222989212,507.66,0.19964,0.8003600000000001,0.5,0.004784892,0.09091294,0.763211382,0.141090786,25.0,24.0,1.0,0.0,0.0,950.0,2.0,5.0,0.0,0.0
0.0,0.0124,0.0172,0.036000000000000004,0.028999999999999998,0.0,0.353389312,0.01,0.56253128,0.08407940800000001,0.95,565.0,0.14338,0.54014,0.8,0.032258065,0.10752688199999999,0.8602150540000001,0.0,25.0,24.0,1.0,0.0,0.0,1100.0,1.0,5.187500493796913,0.0,0.0
0.0,0.0,0.02795286320167683,0.08643927137182927,0.0869965422296313,0.0,0.5348845240270456,0.17523636757115763,0.23365620819839766,0.050025033999312504,1.0353894114730624,980.0,0.29,0.71,0.4,0.019607843,0.19607843100000003,0.784313725,0.0,120.0,4.0,1.0,0.0,0.0,900.0,3.0,3.676853866075641,0.0,0.0
0.0,0.0,0.049,0.033,0.07087906650959797,0.0,0.4430308423306725,0.1234538702772473,0.34808999323396295,0.10717440071988539,1.034127978805931,626.0,0.22,0.78,0.4,0.00990099,0.099009901,0.396039604,0.495049505,120.0,4.0,1.0,0.0,0.0,900.0,3.0,3.169492648303262,0.0,0.0
0.0,0.0,0.049,0.033,0.06999211428096558,0.0,0.4315847895524083,0.11844762285953223,0.3549268607340704,0.11408195674370529,1.0487203012183133,622.0,0.25,0.75,0.4,0.013157895,0.131578947,0.526315789,0.328947368,120.0,4.0,1.0,0.0,0.0,900.0,3.0,3.3242527970556797,0.0,0.0
0.004,0.0,0.0112,0.034,0.019,0.0,0.40377247299999997,0.01,0.45794282299999994,0.138284704,1.71,396.0,0.12125,0.57044,0.6,0.001475824,0.19185946899999998,0.806664707,0.0,25.0,24.0,0.0,0.0,1.0,700.0,1.0,30.0,0.0,0.0
0.006999999999999999,0.0,0.0033,0.032,0.022000000000000002,0.0,0.39899999999999997,0.01,0.47100000000000003,0.13,1.71,396.0,0.12125,0.57044,0.6,0.001475824,0.19185946899999998,0.806664707,0.0,25.0,24.0,0.0,0.0,1.0,400.0,1.0,30.0,0.0,0.0
0.0,0.0,0.0128,0.022000000000000002,0.017,0.0,0.29,0.01,0.565,0.145,1.71,396.0,0.12125,0.57044,0.6,0.001475824,0.19185946899999998,0.806664707,0.0,25.0,24.0,0.0,0.0,1.0,1100.0,1.0,30.0,0.0,0.0
0.0,0.0,0.052000000000000005,0.044000000000000004,0.07783183457850579,0.0,0.5608712464093853,0.17239531369026045,0.21067356974581486,0.05512474910232281,0.99,1323.7,0.12925999999999999,0.87074,0.622,0.001782511,0.110913054,0.887304434,0.0,25.0,48.0,0.0,1.0,0.0,900.0,4.0,3.0,1.0,1.0
0.0,0.0,0.012,0.11699999999999999,0.08099985623885488,0.0,0.541309755065828,0.15161701253998924,0.1966954494236393,0.08284395277809628,0.95,622.4,0.6535,0.3464,0.622,0.001782511,0.110913054,0.887304434,0.0,25.0,48.0,0.0,1.0,0.0,900.0,2.0,3.0,0.0,1.0
0.0,0.0,0.047,0.05,0.07484405864675611,0.0,0.5969968161702838,0.1535158000159431,0.17565230241530966,0.07972369869481655,0.89,1263.9,0.8616,0.1383,0.622,0.001782511,0.110913054,0.887304434,0.0,25.0,48.0,0.0,1.0,0.0,900.0,2.0,3.0,1.0,1.0
0.0,0.0,0.015,0.102,0.07956785303550575,0.0,0.5442455110615322,0.1600722873908079,0.1980696965509967,0.06604449144559893,0.97,689.0,0.7936,0.2063,0.622,0.001782511,0.110913054,0.887304434,0.0,25.0,48.0,0.0,1.0,0.0,900.0,4.0,3.0,0.0,1.0
0.0,0.0,0.0058,0.0701,0.05604490252715319,0.0,0.2664,0.1971,0.3159,0.2206,1.97,465.0,0.6275,0.3724,0.4,0.04293536300320528,0.23817286379728783,0.6867715764750019,0.03950200277035813,86.5174819660476,13.490148798462403,0.0,1.0,0.0,1000.0,1.0,9.718282005617944,1.0,1.0
0.0,0.0,0.0058,0.0633,0.07037146363899555,0.0,0.2888,0.168,0.2384,0.3048,2.22,1167.0,0.4045,0.5955,0.4,0.025064534343735456,0.26315475544049094,0.6779604960744601,0.036182949652945995,77.98037168936624,13.213359806048212,0.0,1.0,0.0,1000.0,1.0,7.991162892037715,1.0,1.0
0.0,0.0,0.0058,0.00707,0.06029357234268373,0.0,0.2746,0.1588,0.3972,0.1694,1.98,761.3295932346417,0.3432,0.6567,0.4,0.034196700483107266,0.21454256392345394,0.6776782615929295,0.07391761611345374,83.01482041915494,13.644758164465003,0.0,1.0,0.0,1000.0,1.0,8.113887068475563,1.0,1.0
0.006,0.0,0.02,0.0221,0.0118,0.0,0.22727272699999998,0.01,0.613636364,0.159090909,0.88,624.0,0.1294,0.4113,0.8,0.0047755490000000005,0.19102196800000001,0.804202483,0.0,60.0,24.0,1.0,0.0,0.0,1100.0,1.0,6.277123915301344,0.0,0.0
0.0,0.0,0.02128356595878749,0.05847686803275453,0.05719591723171158,0.0,0.353092784,0.136597938,0.36855670100000004,0.141752577,0.9694311441842758,1036.0,0.6940000000000001,0.294,0.5789860590168602,0.005528173000000001,0.10503528599999999,0.8894365409999999,0.0,25.0,1.0,1.0,0.0,0.0,900.0,2.0,2.0,1.0,1.0
0.0,0.0,0.02126978920163778,0.06240060835700438,0.06420324109678081,0.0,0.384313725,0.184313725,0.321568627,0.109803922,1.011089976058644,774.0,0.613,0.342,0.5700269701602687,0.011056346000000002,0.09950711300000001,0.8894365409999999,0.0,25.0,1.0,1.0,0.0,0.0,900.0,2.0,2.0,1.0,1.0
0.0,0.0,0.021216732322297534,0.06081256038210782,0.06298343057818966,0.0,0.363636364,0.156565657,0.393939394,0.085858586,1.0054985600703954,736.0,0.509,0.462,0.5365633310263885,0.016584519,0.09397894,0.8894365409999999,0.0,25.0,1.0,1.0,0.0,0.0,900.0,2.0,2.0,1.0,1.0
0.0,0.0,0.03250072182416997,0.06550157354178736,0.0771074166771101,0.0,0.314102564,0.173076923,0.46153846200000004,0.051282050999999995,1.0362395067702936,552.0,0.249,0.708,0.48323676114651765,0.027640865,0.082922594,0.8894365409999999,0.0,25.0,1.0,1.0,0.0,0.0,900.0,2.0,2.0,1.0,1.0
0.0,0.0178,0.010307455380163677,0.0381,0.0592,0.0,0.188481675,0.34816753899999997,0.248691099,0.21465968600000002,1.0094969228777724,260.52,0.37609720503622324,0.5435535673241251,0.51,0.0,0.07347007821055528,0.857142857,0.0,25.0,12.0,1.0,0.0,0.0,900.0,3.0,2.0,1.0,1.0
0.0,0.0031,0.010720476817405487,0.0038,0.6809,0.0,0.39473684200000003,0.01,0.10526315800000001,0.5,1.0957548109535817,342.37,0.6041792871799349,0.38964454386262604,0.51,0.0,0.06835292467581,0.857142857,0.0,25.0,12.0,1.0,0.0,0.0,900.0,3.0,2.0,1.0,1.0
0.0,0.0076,0.01520776217421508,0.0536,0.0517,0.0,0.16792452800000002,0.509433962,0.096226415,0.22641509399999998,1.017908729449083,234.3,0.36615567597097276,0.5377684658646601,0.51,0.0,0.08159982666086595,0.8553032208799981,0.00181940215346766,25.0,12.0,1.0,0.0,0.0,900.0,3.0,2.0,1.0,1.0
0.0,0.0076,0.013617663122966122,0.0374,0.2766,0.0,0.264705882,0.318181818,0.13903743300000002,0.27807486600000003,1.0844832739583092,418.75,0.36203647859428956,0.5845713024645107,0.51,0.0,0.1595758597537422,0.7849493932510834,0.012311358011119183,25.0,12.0,1.0,0.0,0.0,900.0,3.0,2.0,1.0,1.0
0.0,0.0,0.017857628236645044,0.05231155241549234,0.05860660037660259,0.0,0.36950718830921236,0.11344912087568287,0.4086321997914611,0.1337527493340075,1.0792779439919122,322.0,0.0,0.0409,0.8,0.000617115,0.285129823,0.714253063,0.0,25.0,1.0,1.0,0.0,0.0,1050.0,2.0,4.0,0.0,0.0
0.0,0.0,0.0405,0.066,0.07868385863822833,0.0,0.453339345,0.10405646800000001,0.364197638,0.078406549,1.04,525.0,0.0,1.0,0.35,0.0067254440000000006,0.031649147,0.82706002,0.134565389,25.0,8.0,0.0,1.0,0.0,950.0,2.0,2.0,0.0,0.0
0.0,0.2996,0.014511174412472818,0.0991,0.08304195245789114,0.0151,0.96,0.01,0.01,0.01,1.1338137124292393,382.79,0.0,1.0,0.49355209555985635,0.055555556,0.07650025206911053,0.930555556,0.013888889,25.0,6.0,1.0,0.0,0.0,700.0,0.17,5.0,0.0,0.0
0.0,0.0,0.038,0.0709,0.09364202141705735,0.0,0.39506172799999995,0.21399177,0.39094650200000003,0.01,1.041568835379949,1009.0,0.13662539571003285,0.7501688083907203,0.4776029446489478,0.008031933,0.24339191,0.730175729,0.018400428,49.06725289788754,10.974940149385843,1.0,0.0,0.0,950.0,3.0,2.0,0.0,0.0
0.0,0.0,0.034312248739937504,0.08817265708584995,0.08188344900810492,0.0,0.7040034070000001,0.248722317,0.047274276,0.01,1.0188713824207833,681.0,0.323310049426371,0.6553570254323501,0.5,0.019210715247027277,0.09195402300000001,0.908045977,0.0,25.0,1.0,0.0,1.0,0.0,900.0,2.0,5.0,0.0,1.0
0.0,0.0,0.034271808186129495,0.0464,0.0667,0.0,0.459745305,0.20030218,0.269803583,0.070148932,1.0311829724473933,666.0,0.31425171991867984,0.6098411670233232,0.47995365801385204,0.03612815956360884,0.060152222000000005,0.488092315,0.45175546299999997,25.0,1.0,1.0,0.0,0.0,900.0,2.0,2.0,0.0,1.0
0.0,0.0,0.011028058383995485,0.051466853874017546,0.070077985543894,0.0,0.42434886359307883,0.14645824088422058,0.3139838436417852,0.12619155406533236,0.9634181946322751,1099.75,0.42125826154986473,0.5467533678946964,0.56,0.000510204,0.009693878000000001,0.989795918,0.0,25.0,10.0,1.0,0.0,0.0,1000.0,1.0,5.0,1.0,0.0
0.0,0.0,0.009536666702334903,0.0502326049099883,0.07051337538891536,0.0,0.41820271606098214,0.14457883194786947,0.3097321672129513,0.13576894391642133,0.982929217080837,752.7,0.4172488021115401,0.5582387952225026,0.56,0.000306122,0.009897959,0.989795918,0.0,25.0,10.0,1.0,0.0,0.0,1000.0,1.0,5.0,1.0,0.0
0.0,0.0,0.01067229369211879,0.051728659451132336,0.06454308352352338,0.0,0.41291058996789376,0.13483180023791658,0.30896870274938937,0.14371438301309808,0.9653391315075049,822.02,0.4214012374395074,0.5372314323438815,0.56,0.0008163269999999999,0.009387755,0.989795918,0.0,25.0,10.0,1.0,0.0,0.0,1000.0,1.0,5.0,1.0,0.0
0.0,0.0,0.012445819736429763,0.052391878831274614,0.06298201536225147,0.0,0.427891343362168,0.1348805219672461,0.30595816639936985,0.14826889243322372,0.9692978721915619,601.07,0.41762517265994364,0.5441723846227158,0.56,0.001020408,0.009183673,0.989795918,0.0,25.0,10.0,1.0,0.0,0.0,1000.0,1.0,5.0,1.0,0.0
0.0345,0.0,0.0147,0.1015,0.0854342546358024,0.0,0.552437223,0.22895125600000002,0.171344165,0.047267355999999996,1.06,705.0,0.3469477928886857,0.6410448541669802,0.622,0.007992644,0.47142453,0.520582826,0.0,25.0,48.0,0.0,1.0,0.0,900.0,4.0,3.0,0.0,1.0
0.0,0.106,0.0,0.0085,0.09090124166849753,0.0,0.522222222,0.477777778,0.01,0.01,1.1584443270077593,484.0,0.35686275840468845,0.6733330162367275,0.6,0.0,0.16,0.8,0.0,25.0,10.565819259141483,1.0,0.0,0.0,900.0,3.0,4.331347490056532,0.0,0.0
0.0,0.0,0.0035,0.0497,0.0924,0.0,0.406438632,0.221327968,0.37223340000000005,0.01,1.72,1498.0,0.0,0.75,0.4,0.020772818999999998,0.110025526,0.869201655,0.0,25.0,24.0,1.0,0.0,0.0,850.0,1.0,5.0,0.0,1.0
0.0,0.0,0.0032,0.0328,0.0789,0.0,0.399390244,0.262195122,0.338414634,0.01,1.57,1323.0,0.0,0.757,0.4,0.020772818999999998,0.110025526,0.869201655,0.0,25.0,24.0,1.0,0.0,0.0,950.0,1.0,5.0,0.0,1.0
0.0,0.0,0.0039,0.0263,0.0664,0.0,0.209125475,0.292775665,0.498098859,0.01,1.38,1376.0,0.0,0.7509999999999999,0.4,0.020772818999999998,0.110025526,0.869201655,0.0,25.0,24.0,1.0,0.0,0.0,1050.0,1.0,5.0,0.0,1.0
0.0,0.015,0.0,0.1029,0.0506,0.0,0.627793975,0.01,0.372206025,0.01,1.03,446.8,0.39,0.61,0.3,0.0,0.10841670941499504,0.88897893,0.0,25.0,4.0,1.0,0.0,0.0,750.0,3.0,4.265388122749128,0.0,0.0
0.0,0.0159,0.0,0.0903,0.0703,0.0,0.61572536,0.01,0.38427464,0.01,1.01,398.3,0.34,0.66,0.3,0.0,0.10158397433319033,0.88897893,0.0,25.0,4.0,1.0,0.0,0.0,750.0,3.0,4.549119844604391,0.0,0.0
0.026000000000000002,0.0,0.0,0.0493,0.059406635267515356,0.0,0.3258035560074268,0.09752961683509162,0.4541652750998331,0.12348234457314473,1.119127683971305,884.9,0.425,0.575,0.5009252318008225,0.0,0.47295299999999996,0.522613065,0.0,25.0,24.0,0.0,1.0,0.0,950.0,1.0,5.0,0.0,1.0
0.083,0.3,0.0,0.04,0.058264247920313136,0.0,0.47081224768304863,0.09174836835933617,0.34366346731319286,0.12240896794496303,1.75,285.9,0.0937,0.9063,0.5165066789424324,0.0,0.2970172671624385,0.666666667,0.0,120.0,12.0,1.0,0.0,0.0,900.0,0.16699999999999998,10.0,0.0,0.0
0.0,0.0,0.0335,0.0688,0.07624931621778644,0.0,0.44787808160029896,0.1370512952054168,0.31015211812329907,0.11663133439854617,0.9872208936693851,969.0,0.337,0.6629999999999999,0.56,0.047192072,0.008966494,0.943841435,0.0,60.0,12.0,1.0,0.0,0.0,1000.0,2.760517794636478,4.132717238390898,0.0,0.0
0.0578,0.0,0.0476,0.11900000000000001,0.0462,0.0,0.5822277370000001,0.041996755,0.261238904,0.114536604,1.12,446.3,0.278,0.428,0.32,0.02,0.18,0.8,0.0,150.0,12.0,1.0,0.0,0.0,800.0,3.0,3.311386633984341,0.0,1.0
0.0239,0.0,0.0467,0.0793,0.0401,0.0,0.490036629,0.033644939,0.38014962700000005,0.096168805,1.07,526.6,0.29600000000000004,0.40700000000000003,0.32,0.02,0.18,0.8,0.0,150.0,12.0,1.0,0.0,0.0,900.0,3.0,3.255081184096582,0.0,1.0
0.0,0.0,0.0345,0.0485,0.0359,0.0,0.354951891,0.089781949,0.399724476,0.155541684,1.01,448.9,0.294,0.424,0.32,0.02,0.18,0.8,0.0,150.0,12.0,1.0,0.0,0.0,1000.0,3.0,3.724384624388939,0.0,1.0
0.0,0.0,0.03294398817570933,0.0561,0.05875767652822545,0.0,0.569942327,0.18998077600000002,0.04975687,0.190320027,1.0594927022728138,360.0,0.3652847093799544,0.5189818927293497,0.4,0.083879015,0.08697928089198052,0.916120985,0.0,150.0,96.0,1.0,0.0,0.0,700.0,1.0,4.074948706980669,1.0,1.0
0.0,0.0,0.02741496503849147,0.036000000000000004,0.08565945870341317,0.0,0.42168674700000003,0.26506024100000003,0.09638554199999999,0.21686747,1.0921739419973295,371.0,0.3575261265757982,0.5484286058504787,0.4,0.083879015,0.08156388863039382,0.916120985,0.0,150.0,96.0,1.0,0.0,0.0,800.0,1.0,4.540061835941492,1.0,1.0
0.0,0.0,0.018350127107898236,0.096,0.0850471373074021,0.0,0.39492502706654675,0.21647136585610582,0.18135107382481092,0.22634600286336004,1.168990015687645,219.0,0.3739566659076101,0.512822006568308,0.4,0.083879015,0.12077492144440355,0.916120985,0.0,150.0,96.0,1.0,0.0,0.0,900.0,1.0,5.029128139034753,1.0,1.0
0.0,0.0,0.024437283912201763,0.045,0.08747608010273979,0.0,0.457831325,0.204819277,0.060240964,0.27710843399999996,1.0917068464451862,572.0,0.41010598966647727,0.5562246161636121,0.4,0.000195319,0.04339334,0.956411342,0.0,150.0,96.0,1.0,0.0,0.0,1050.0,1.0,5.682419316028468,1.0,0.0
0.0,0.0,0.07400000000000001,0.08199999999999999,0.049762498069799,0.0,0.96,0.01,0.01,0.01,1.0177039038809015,647.0,0.3510213313074999,0.47624971366968427,0.8,0.046942816263203735,0.11127853061249175,0.8661190717752602,0.0,50.849311936454825,23.761433605951932,1.0,0.0,0.0,700.0,1.5,1.0,1.0,1.0
0.0,0.0,0.083,0.035,0.055855682724063896,0.0,0.96,0.01,0.01,0.01,0.9608435255134827,628.0,0.5734637746721273,0.33950156017633737,0.8,0.04771449271982381,0.16167208453729598,0.7987812036223357,0.0,52.80630946961842,21.171643892083495,1.0,0.0,0.0,900.0,1.5,1.0,1.0,1.0
0.0,0.0,0.053,0.036000000000000004,0.05271548983148462,0.0,0.96,0.01,0.01,0.01,0.9912254357960056,687.0,0.3437343093025927,0.46467391134391856,0.8,0.050003829342038314,0.11294248275302897,0.8589095442884276,0.0,51.556818311203955,26.20298436900228,1.0,0.0,0.0,700.0,1.5,1.0,1.0,1.0
0.0,0.0,0.076,0.034,0.0550967619332869,0.0,0.96,0.01,0.01,0.01,0.9659091481365139,566.0,0.5566543703289983,0.35362419670258016,0.8,0.044288701550715646,0.161264487973392,0.8029623920093144,0.0,51.698991160313454,21.237751042581344,1.0,0.0,0.0,900.0,1.5,1.0,1.0,1.0
0.0,0.114,0.0,0.064,0.0473,0.0,0.6269737838706189,0.07503020282831364,0.26126688571269513,0.04750125480627543,1.1882578224390645,386.0,0.083,0.917,0.4,0.0,0.06664022918276254,0.999876153,0.0,25.0,20.0,1.0,0.0,0.0,750.0,2.0,4.882350798502571,0.0,0.0
0.0127,0.0,0.001,0.1488,0.1106,0.0,0.4677250537725782,0.10479258870696562,0.2862577950613276,0.168029793724566,1.36,262.0,0.2945647113508961,0.5830672606380773,0.1,0.25,0.18628735537065222,0.75,0.0,120.0,72.0,1.0,0.0,0.0,900.0,3.0,6.224166328084993,0.0,1.0
0.016,0.0,0.0194,0.0545,0.0687,0.0,0.33048259,0.01,0.46019140700000005,0.209326003,1.63,216.0,0.6788,0.4052,0.6,0.022456703999999997,0.663259348,0.31428394800000004,0.0,87.402768990152,26.221180093522815,0.0,0.0,0.0,1000.0,1.0,30.0,0.0,0.0
0.0,0.0,0.019,0.0573,0.06939087659516845,0.0,0.5148420969304875,0.2111939094333905,0.2155756213702178,0.040992120056105114,1.047878087719878,1295.0,0.36700000000000005,0.633,0.6,0.281668677,0.005079688,0.50161915,0.211632485,25.0,24.0,0.0,0.0,1.0,900.0,1.0,5.0,0.0,1.0
0.0,0.0,0.0127,0.0674,0.0777788708704943,0.0,0.5753471176476269,0.16924787492964674,0.17717281722225983,0.07409744985547302,1.0299610687738092,917.0,0.8704,0.1296,0.623080116941463,0.20022014951122552,0.1621266428298636,0.6995572706996135,0.0,32.21080370772816,16.69910522241707,0.0,1.0,0.0,900.0,3.0,1.0,0.0,1.0
0.0,0.018000000000000002,0.0,0.0994,0.07192567181859806,0.0,0.5468163656343782,0.12499275878996002,0.2800914983560817,0.06933299507890316,1.0596184046587807,1033.0,0.9239,0.0761,0.578598514435448,0.0,0.10047069017151312,0.8756983559957259,0.0,51.91473799369521,11.722716657444346,0.0,1.0,0.0,900.0,3.0,1.0,0.0,1.0
0.0,0.0044,0.0071,0.099,0.09629146333735379,0.0,0.57646790135697,0.1831709023526407,0.16122597270728914,0.06441683817298965,1.0596950543937549,962.0,0.8983,0.1017,0.6260206133696893,0.46002621200000005,0.17632440042384023,0.6961958738153049,0.0,32.88991520547779,32.7147172140847,0.0,1.0,0.0,900.0,3.0,1.0,0.0,1.0
0.0,0.0,0.0068,0.1168,0.08892998327836157,0.0,0.5639642765208476,0.17785876598394001,0.15709080227000635,0.07093957991767696,1.0690568710783799,887.0,0.8745,0.1255,0.5830641975697082,0.45954438299999995,0.17143079410700846,0.7051217100898147,0.0,27.973845877340917,40.88688655411575,0.0,1.0,0.0,900.0,3.0,1.0,0.0,1.0
0.0,0.0054,0.0,0.0945,0.07813289004463586,0.0,0.5257043312219036,0.12529185718211838,0.2684573739750875,0.06792612454235739,1.0668664382120776,950.0,0.8899,0.1101,0.5799835279032858,0.0,0.10039813851512516,0.8730030074685896,0.0,39.8357109958808,14.171379943923444,0.0,1.0,0.0,900.0,3.0,1.0,0.0,1.0
0.0,0.0036,0.0045,0.1114,0.1024132311585662,0.0,0.5699973418154272,0.1803801650914482,0.1577991185276088,0.07559234472524004,1.1383751996987352,919.0,0.9112,0.0888,0.5765878021379794,0.33301017899999996,0.1728088151476842,0.7053692915802856,0.0,30.93539872500352,37.168828679811114,0.0,1.0,0.0,900.0,3.0,1.0,0.0,1.0
0.0,0.0,0.03232170748918019,0.05796556899416283,0.05454157024212421,0.0,0.5084309353163672,0.050201946255333696,0.3236378232950943,0.10737453491573287,0.9403248763390283,841.8586541356462,0.6605448142724201,0.2800637195904079,0.8,0.001544918,0.18760388600000003,0.805521286,0.010411078,56.886129549873445,19.813060226973246,0.0,1.0,0.0,1050.0,2.441447301930515,3.8924701703641422,0.0,0.0
0.0,0.0,0.03627,0.0077,0.0478,0.0041,0.103766234,0.221168831,0.34012987,0.334935065,1.31,291.83,0.529,0.2,0.1,0.08444615167738559,0.22915401626809895,0.6982794627579905,0.028195521369266723,62.00911829252842,24.93198524479742,0.0,0.0,1.0,1100.0,1.0,5.0,0.0,0.0
0.0,0.0,0.0367,0.0862,0.1106466964252742,0.0,0.541763341,0.267981439,0.107888631,0.082366589,1.0161976082345276,901.7604839413652,0.1737,0.8263,0.6,0.005964215,0.19880715699999998,0.7952286279999999,0.0,25.0,12.0,1.0,0.0,0.0,938.7083957010536,3.0432530040801926,3.8855439589707053,0.0,0.0
0.0,0.017,0.0,0.0874,0.14035977707803388,0.0,0.501992032,0.24169986699999998,0.103585657,0.152722444,1.11290143759333,664.4124913003604,0.2795,0.7205,0.6,0.0,0.194174757,0.7766990290000001,0.0,25.0,12.0,1.0,0.0,0.0,929.7664003306828,2.8593165718002163,4.28428462052589,0.0,0.0
0.0,0.0353,0.0387,0.0939,0.12379745008550747,0.0,0.48348745,0.214002642,0.149273448,0.15323646,1.044028852371272,655.473072595672,0.2513,0.7487,0.6,0.005753497,0.191783239,0.767132956,0.006562821999999999,25.0,12.0,1.0,0.0,0.0,946.3035192911901,2.9892540766608695,4.392266851356451,0.0,0.0
0.0,0.0353,0.0332,0.0934,0.11180714976068873,0.0,0.561027837,0.13704496800000002,0.165952891,0.135974304,1.03003721536574,627.8508610570706,0.3422,0.6578,0.6,0.005753497,0.191783239,0.767132956,0.006562821999999999,25.0,12.0,1.0,0.0,0.0,926.6818337092501,3.1706827338791888,3.6793948367121696,0.0,0.0
0.0,0.0291,0.023785658035831537,0.05239498957701808,0.05672932571136105,0.00031970060140518663,0.4590992665756228,0.09187330372310915,0.34004229421644183,0.1129722783952755,1.01,429.0,0.375,0.628,0.5,0.03378814795717626,0.11510716399007725,0.4613146981497483,1.0,62.29951807951856,7.683138704949505,0.0,1.0,0.0,800.0,1.0,2.0,0.0,1.0
0.0,0.0001,0.0001,0.0249,0.0026,0.0,0.36084337299999997,0.076144578,0.36008032100000004,0.202931727,1.04,1014.0,0.87,0.13,0.7189780552498907,0.010888153651787125,0.26666666699999997,0.533333333,0.2,66.81593626549464,19.21845996854232,0.0,1.0,0.0,1050.0,1.0,5.665469356301468,1.0,1.0
0.0,0.0,0.0405,0.066,0.06049481965860706,0.0,0.521714095,0.091114344,0.318665333,0.068506228,1.04,550.0,0.56933,0.43067,0.35,0.0067157530000000005,0.03162565,0.827327444,0.13433115199999998,25.0,24.0,0.0,1.0,0.0,950.0,2.0,2.0,0.0,0.0
0.1028,0.0027913223916712733,0.011559999999999999,0.08255,0.08348056408392807,0.0,0.4617045627134662,0.1404857446474294,0.2622795404100894,0.1578800338880566,2.96,697.2057447952496,0.3261,0.5669,0.341,0.010837466,0.706484111,0.282678423,0.0,25.0,24.0,1.0,0.0,0.0,1000.0,2.0,2.0,0.0,0.0
0.0,0.0,0.02156,0.04569576499376513,0.0719329411579332,0.0,0.2259,0.519,0.1864,0.0687,1.0973149074457322,1237.9,0.39242680004682656,0.629980578157985,0.4884422289871468,0.004489519,0.313109683,0.6137804207936652,0.682400798,25.0,8.0,1.0,0.0,0.0,900.0,0.5,3.915203695115755,1.0,1.0
0.02247,0.0,0.00975,0.047412138935579815,0.0785139846347381,0.0,0.1669,0.327,0.4593,0.0468,1.0596555723121621,790.0,0.39246465696947197,0.6189989304325596,0.4578631377849657,0.004489519,0.313109683,0.607041000739465,0.682400798,25.0,8.0,1.0,0.0,0.0,900.0,0.5,4.61593624686664,1.0,0.0
0.0,0.0,0.0037,0.0419,0.0,0.0,0.4609375,0.01,0.5390625,0.01,1.064,889.0,0.27098253940150707,0.5329414149110372,0.617206282836931,0.03129836698989084,0.058823529000000006,0.470588235,0.470588235,60.0,24.0,1.0,0.0,0.0,950.0,2.0,5.384216437684073,0.0,1.0
0.0,0.0008155167956400413,0.0225,0.04087442406474344,0.04034984683686248,0.0,0.5538544645263761,0.08971621857685788,0.24807302253419294,0.06646077113348063,0.96,1381.1,0.3843692774799283,0.5138701003313507,0.524142738702322,0.013325037029818985,0.099588477,0.801646091,0.09876543199999999,50.332641324575135,16.750789014670758,0.0,1.0,0.0,900.0,1.0,3.483013138233149,1.0,1.0
0.0,0.008,0.0,0.0619,0.09410057380156536,0.0,0.46327321398219073,0.13734888836397785,0.26603429798954326,0.12502325302082465,1.256,1563.0,0.3195531954070797,0.5940986983928815,0.4611123747332012,0.0,0.08572469699999999,0.909902523,0.0,70.0,4.0,1.0,0.0,0.0,1000.0,1.0,6.0,1.0,1.0
0.0,0.0,0.0159,0.0408,0.033,0.0,0.4136,0.0845,0.3265,0.1754,1.14,1556.0,0.25225115158574685,0.592387607955088,0.5307045212512741,0.011997819,0.10270859800000001,0.8852935829999999,0.0,25.0,24.0,1.0,0.0,0.0,950.0,2.0,4.313175716731677,1.0,1.0
0.0,0.0,0.0097,0.0269,0.0158,0.0,0.3217640861128429,0.09355474636151359,0.39892637317160407,0.17002606459603672,1.0816916045304301,449.0,0.3279974066412552,0.5144312839328277,0.5657844025239156,0.75,0.14851848342246254,0.7060950416941612,0.125,25.0,336.0,0.0,1.0,0.0,1000.0,1.0,5.188007749289074,0.0,1.0
0.0,0.0,0.026000000000000002,0.0267,0.10909229532029391,0.0,0.49316858414893,0.18095766196559201,0.20646937102655646,0.09163869415680712,1.0059599624543998,1168.43,0.3377050603986157,0.6446565380962429,0.6,0.003322259,0.199335548,0.797342193,0.0,25.0,18.0,1.0,0.0,0.0,1000.0,5.0,3.0,0.0,0.0
0.0,0.0,0.027999999999999997,0.0277,0.10986384502049527,0.0,0.4898549833201953,0.1946178499274073,0.20081075705271714,0.08930270046675652,1.0092882251860913,1126.2635571944109,0.3269136299517344,0.6520744045615975,0.6,0.003322259,0.195348837,0.797342193,0.0,25.0,18.0,1.0,0.0,0.0,1000.0,5.0,3.0,0.0,0.0
0.0,0.0,0.012351484129720846,0.03163905469669896,0.028117266848912074,0.0,0.37788939930277565,0.03603349271602879,0.46607501254218475,0.12852063903803235,1.124700220771999,1270.0,0.35969589242547756,0.5502254251314,0.5982179359552489,0.012748122220123479,0.333333333,0.666666667,0.0,180.0,18.0,1.0,0.0,0.0,1050.0,0.5,5.861434257282115,0.0,1.0
0.0,0.0,0.0,0.07719963397468768,0.1534311944142127,0.0,0.5082188418126194,0.24244915504712117,0.22294796057674973,0.024762747175402902,1.1453038412628096,2195.0,0.29079667259646896,0.6483936814576531,0.45,0.0,0.15,0.8,0.0,25.0,1.0,1.0,0.0,0.0,850.0,2.0,5.0,0.0,0.0
0.0,0.0,0.003,0.07200000000000001,0.0968,0.0,0.448683503,0.067705535,0.43524986600000004,0.048361096,1.1669947442042377,1112.0,0.1,0.9,0.6,0.009212786924340629,0.1117093526564651,0.8644306288422803,0.0,36.410326046974205,12.647163930471532,0.0,0.0,1.0,950.0,3.0,4.363140817843011,0.0,0.0
0.0,0.0,0.015911514192720005,0.0774,0.08001010784732052,0.0,0.355292567,0.18875725100000001,0.384361959,0.071588222,1.19,926.0,0.06765,0.1272,0.5,0.030962148999999998,0.036739942000000005,0.932297908,0.0,25.0,24.0,1.0,0.0,0.0,900.0,4.0,5.0,0.0,1.0
0.0,0.0,0.01834103193557453,0.0651225707783612,0.08623526908963541,0.0,0.451819686,0.12096774199999999,0.307278743,0.11993383,0.83,993.0,0.3245203654782348,0.6150572625994312,0.45,0.0,0.0922710219310597,0.9061547411160582,0.0,120.0,12.0,1.0,0.0,0.0,900.0,3.0,4.8248106314841905,0.0,0.0
0.0,0.0,0.005,0.0531,0.0393,0.0,0.3972893602010789,0.06324437263556414,0.41436514042279476,0.1468758492390079,1.3886988229846176,1360.0,0.6274632484518691,0.33714879537530607,0.6,0.00218794,0.21277232699999998,0.427161296,0.355190789,400.0,1.0,0.0,1.0,0.0,1050.0,1.0,15.0,1.0,1.0
0.0086,0.0,0.0025,0.0684,0.05219,0.0,0.62616503,0.261743507,0.084783149,0.027308314,1.1563493987649458,948.0,0.9,0.1,0.4,0.00218794,0.45913837399999996,0.538673686,0.0,220.0,26.0,0.0,0.0,1.0,1000.0,1.0,5.56738992086878,0.0,0.0
0.0077,0.0,0.002,0.06726,0.05281,0.0,0.643184086,0.237412693,0.095978714,0.023424507999999997,1.1549683487122202,1054.0,0.9,0.1,0.4,0.00218794,0.45913837399999996,0.538673686,0.0,220.0,26.0,0.0,0.0,1.0,1000.0,1.0,5.617838463499622,0.0,0.0
0.0045,0.0,0.0022,0.05126,0.055139999999999995,0.0,0.6163607520000001,0.251117566,0.12069711400000001,0.011824568,1.2108058942361393,1188.0,0.9,0.1,0.4,0.00218794,0.45913837399999996,0.538673686,0.0,220.0,26.0,0.0,0.0,1.0,1000.0,1.0,6.043742797407009,0.0,0.0
0.0,0.0,0.01583958566744708,0.02954855289799868,0.031998242878795415,0.0,0.31663271283130107,-0.00025685267622110874,0.565938741827404,0.11822652483561716,0.9919076944915284,791.8542094136922,0.19412314435149292,0.5600057983891651,0.8,0.004907959,0.189570755,0.805521286,0.0,60.0,24.0,1.0,0.0,0.0,1100.0,1.0,5.527524871407744,0.0,0.0
0.0,0.0,0.01583958566744708,0.02954855289799868,0.031998242878795415,0.0,0.31663271283130107,-0.00025685267622110874,0.565938741827404,0.11822652483561716,0.9919076944915284,791.8542094136922,0.19412314435149292,0.5600057983891651,0.8,0.004907959,0.189570755,0.805521286,0.0,60.0,24.0,1.0,0.0,0.0,1100.0,1.0,5.527524871407744,0.0,0.0
0.043,0.0,0.055999999999999994,0.07204461852210224,0.07278014334351524,0.0,0.641737621,0.20109550399999998,0.087640328,0.06952654700000001,1.0023261137677166,904.3096638013774,0.35116159763526467,0.6049134867086962,1.0,0.0015450079999999998,0.197739964,0.790959856,0.009755172,42.74823256909787,28.59720280219379,0.0,1.0,0.0,850.0,4.0,5.0,0.0,0.0
0.18,0.0,0.055,0.07237668768291403,0.1021727362462068,0.0,0.572562761,0.25938082100000004,0.100549987,0.06750643099999999,1.3846553153400702,876.0777829160521,0.35654857548115615,0.5875025883592991,1.0,0.0015450079999999998,0.197739964,0.790959856,0.009755172,39.16770917484061,25.40145407830298,0.0,1.0,0.0,950.0,4.0,5.0,0.0,0.0
0.01,0.0,0.07200000000000001,0.04776526445043966,0.08135197109248424,0.0,0.59013683,0.40986317,0.01,0.01,0.9551064380787877,850.1001372795021,0.35166668663606626,0.5991324848937796,1.0,0.0015450079999999998,0.197739964,0.790959856,0.009755172,32.754974064176736,25.068550699886224,0.0,1.0,0.0,1050.0,4.0,5.0,0.0,0.0
0.0,0.0,0.0141,0.076,0.1139,0.0,0.6169,0.183,0.1635,0.0367,1.0211300708616788,1466.2,0.9054,0.0946,0.6,0.001998441,0.19984412199999999,0.7981574370000001,0.0,25.0,24.0,1.0,0.0,0.0,950.0,2.0,3.7317925948654533,0.0,0.0
0.0,0.0,0.0139,0.0759,0.1199,0.0,0.5131,0.1638,0.2615,0.061,0.9953892046748714,1255.4,0.9504,0.0496,0.6,0.002720308,0.199699572,0.79758012,0.0,120.0,4.0,1.0,0.0,0.0,950.0,2.0,3.8466278373331777,0.0,0.0
0.0,0.0,0.029061646,0.0428,0.0679,0.0013,0.198,0.607,0.195,0.01,1.026513573473605,1326.04,0.371072406587043,0.5119002205484575,0.7,0.00258608,0.190543745,0.806870174,0.0,60.0,6.0,0.0,1.0,0.0,1000.0,1.0,4.525939093377836,0.0,0.0
0.0,0.0,0.017279047,0.0594,0.066,0.0021,0.38799999999999996,0.3,0.31,0.002,1.0248077101889788,1173.51,0.30050050100000003,0.434834835,0.7,0.003322506,0.19040306,0.8062744340000001,0.0,60.0,6.0,0.0,1.0,0.0,1000.0,1.0,4.751217359913987,0.0,0.0
0.0,0.0,0.017733185,0.0541,0.0656,0.0021,0.35700000000000004,0.23199999999999998,0.41,0.001,1.0405100178773523,1062.67,0.22791169989456175,0.5033733440224116,0.7,0.0040578440000000006,0.190262583,0.8056795729999999,0.0,60.0,6.0,0.0,1.0,0.0,1000.0,1.0,4.832570593993147,0.0,0.0
0.0,0.0,0.014631651,0.0519,0.0717,0.0025,0.27899999999999997,0.102,0.619,0.01,0.9961186853526454,1183.78,0.2731142585199412,0.5402412393109925,0.7,0.004792098,0.190122312,0.805085589,0.0,60.0,6.0,0.0,1.0,0.0,1000.0,1.0,5.2481527152539655,0.0,0.0
0.0,0.06,0.027000000000000003,0.0967,0.09812979069153398,0.0,0.664991625,0.115070301,0.145271814,0.074666261,1.06,473.73,0.85,0.15,0.8,0.014268381,0.10901591699999999,0.876715703,0.0,70.0,12.0,0.0,1.0,0.0,900.0,2.0,2.0,0.0,0.0
0.0,0.0,0.0101,0.0519,0.07518454603239969,0.0,0.32007409600000003,0.10665886699999999,0.43287511,0.140391927,1.0,806.5404230861361,0.36028716368049474,0.627143428126439,0.50952,0.00730404979483118,0.08877359558015223,0.8954956464826662,0.0,25.0,3.0,0.0,1.0,0.0,950.0,2.0,5.0,0.0,1.0
0.0,0.0,0.0183,0.0493,0.06519265939673315,0.0,0.247,0.0653,0.445,0.2428,1.02,729.538593492586,0.3617348883214917,0.6242454081293349,0.50952,0.006669490569898177,0.11079998505628759,0.8786550376198918,0.0,25.0,3.0,0.0,1.0,0.0,950.0,2.0,5.0,0.0,1.0
0.0,0.0,0.0259,0.0418,0.061723802438047246,0.0,0.23442198,0.098185588,0.571591498,0.095800933,1.04,837.9189444134016,0.3027747330057735,0.6286829099940003,0.50952,0.008936712362124847,0.11272499169081313,0.8733202867065573,0.0,25.0,3.0,0.0,1.0,0.0,950.0,2.0,5.0,0.0,1.0
0.0,0.0,0.0036299999999999995,0.053578701289224,0.05129715021233085,0.0,0.394410638,0.10671625,0.44962812700000004,0.049244985,1.02,1068.2,0.98,0.01,0.255,0.00111263,0.197739964,0.7991098959999999,0.0,60.0,12.0,1.0,0.0,0.0,1100.0,1.0,5.0,0.0,0.0
0.0,0.13848381,0.0,0.001,0.063,0.0,0.662516824,0.337483176,0.01,0.01,1.27,629.0353471514846,0.39753153470750197,0.553995082402842,0.5,0.066,0.264,0.67,0.0,25.0,1.0,0.0,1.0,0.0,950.0,3.0,5.0,0.0,0.0
0.0,0.017955711,0.0,0.018000000000000002,0.055,0.0,0.126274152,0.24052943899999998,0.34489578600000004,0.288300624,1.17,509.9080338124529,0.5525796475385502,0.37822636479489535,0.5,0.0825,0.2475,0.67,0.0,25.0,1.0,0.0,1.0,0.0,950.0,3.0,5.0,0.0,0.0
0.0,0.022369253999999998,0.0,0.008,0.319,0.0,0.657064784,0.011613344,0.166344074,0.164977798,1.22,632.0403580349587,0.449669223784243,0.4544003228961434,0.5,0.1089,0.2178,0.67,0.0,25.0,1.0,0.0,1.0,0.0,950.0,3.0,5.0,0.0,0.0
0.0,0.025,0.0,0.0944,0.0728,0.0,0.534,0.187,0.27899999999999997,0.01,1.1448042643829877,570.0,0.2,0.8,0.51,0.001748079,0.035084379,0.9626802729999999,0.000487269,25.0,3.0,1.0,0.0,0.0,910.0,2.0,5.0,0.0,0.0
0.0,0.0,0.0308,0.0252,0.0359,0.0,0.6495,0.0625,0.268,0.05,0.89,1135.4379,0.42,0.23,0.6,0.050822263,0.102478703,0.8210793590000001,0.025619676,60.0,24.0,1.0,0.0,0.0,950.0,2.0,5.0,1.0,1.0
0.0,0.0,0.02111678,0.0206,0.0618,0.0,0.160568442,0.22672329300000002,0.414407057,0.19830120899999998,0.98,805.08,0.3028271109490339,0.6163243739713904,0.56,0.01374826,0.11147159599999999,0.874780144,0.0,25.0,24.0,1.0,0.0,0.0,1100.0,1.0,5.0,0.0,0.0
0.0,0.0,0.017908428,0.0165,0.064,0.0,0.377707646,0.069717401,0.349591163,0.20298379,1.04,770.24,0.28859995070169775,0.5763091532068503,0.56,0.013733105,0.111348715,0.873815828,0.001102352,25.0,24.0,1.0,0.0,0.0,1100.0,1.0,5.0,1.0,0.0
0.0,0.0,0.0093,0.0538,0.064,0.0,0.4067,0.1582,0.3494,0.0857,1.05,596.1,0.8740000000000001,0.125146,0.8,0.004546167,0.331817944,0.663635889,0.0,25.0,1.0,1.0,0.0,0.0,1000.0,2.0,5.0,0.0,0.0
0.0,0.0,0.0093,0.0663,0.0589,0.0,0.4578,0.1957,0.27,0.0764,1.03,1304.5,0.5748562660000001,0.42514373299999997,0.8,0.004546167,0.331817944,0.663635889,0.0,25.0,1.0,1.0,0.0,0.0,1000.0,2.0,5.0,0.0,0.0
0.0,0.0,0.0095,0.05548988769263487,0.055794898803863444,0.0,0.565760571,0.01,0.339236683,0.095002746,0.95,691.0,0.5479,0.27397,0.6,0.007099322,0.19076151,0.802139168,0.0,60.0,24.0,1.0,0.0,0.0,1000.0,5.0,4.146000968739887,0.0,0.0
0.0,0.0,0.0095,0.055402260381828744,0.05607990234620337,0.0,0.604322767,0.01,0.315273775,0.080403458,0.95,998.0,0.6,0.355,0.6,0.007071856,0.19002350899999998,0.799035924,0.003868711,60.0,24.0,1.0,0.0,0.0,1000.0,5.0,4.26791884366714,0.0,0.0
0.0,0.0,0.0095,0.06144703436738935,0.05708874578151569,0.0,0.604322767,0.01,0.315273775,0.080403458,0.95,998.0,0.6,0.355,0.2,0.007071856,0.19002350899999998,0.799035924,0.003868711,60.0,24.0,1.0,0.0,0.0,1000.0,5.0,4.329222968431116,0.0,0.0
0.0,0.0,0.0095,0.05555166341532605,0.057902292921299295,0.0,0.604322767,0.01,0.315273775,0.080403458,0.95,998.0,0.6,0.355,0.4,0.007071856,0.19002350899999998,0.799035924,0.003868711,60.0,24.0,1.0,0.0,0.0,1000.0,5.0,4.420056672409592,0.0,0.0
0.0,0.0,0.0095,0.05333752892535798,0.05014332650850113,0.0,0.604322767,0.01,0.315273775,0.080403458,0.95,998.0,0.6,0.355,0.8,0.007071856,0.19002350899999998,0.799035924,0.003868711,60.0,24.0,1.0,0.0,0.0,1000.0,5.0,4.1937699724991315,0.0,0.0
0.0,0.0,0.0095,0.05529929712831317,0.050680849313979065,0.0,0.604322767,0.01,0.315273775,0.080403458,0.95,998.0,0.6,0.355,1.0,0.007071856,0.19002350899999998,0.799035924,0.003868711,60.0,24.0,1.0,0.0,0.0,1000.0,5.0,4.21275273658256,0.0,0.0
0.0,0.0,0.014546541000000001,0.0717,0.0952,0.0,0.409,0.105,0.353,0.133,0.966,543.0,0.23617952899999997,0.588533114,0.42,0.018931953999999997,0.189319538,0.757278153,0.034470355,100.0,4.0,1.0,0.0,0.0,800.0,3.0,5.0,0.0,0.0
0.0,0.0,0.020588791000000002,0.0609,0.1048,0.0,0.33399999999999996,0.092,0.433,0.139,1.014,554.0,0.218031886,0.631995602,0.42,0.018931953999999997,0.189319538,0.757278153,0.034470355,100.0,4.0,1.0,0.0,0.0,900.0,3.0,5.0,0.0,0.0
0.0,0.0,0.023641251000000002,0.0156,0.0637,0.0,0.281,0.067,0.479,0.17300000000000001,1.192,344.0,0.09320923800000001,0.49314029600000003,0.42,0.018931953999999997,0.189319538,0.757278153,0.034470355,100.0,4.0,1.0,0.0,0.0,1000.0,3.0,5.0,0.0,0.0
0.0,0.0,0.0264,0.046,0.07283543493950555,0.0,0.5021739129999999,0.130434783,0.20869565199999998,0.09130434800000001,1.0088531391414035,1015.5,0.693284936,0.306715064,0.5,0.110750637,0.17808932,0.711160043,0.0,28.0,12.0,1.0,0.0,0.0,1000.0,3.0,3.0,0.0,1.0
0.0,0.0,0.0344,0.043,0.059833765637332406,0.032,0.374418605,0.164285714,0.427906977,0.254658385,1.086025873233672,980.9,0.621582734,0.37841726600000003,0.5,0.09195733800000001,0.147869306,0.5904831460000001,0.16969021,28.0,12.0,1.0,0.0,0.0,1000.0,3.0,3.0,0.0,1.0
0.0,0.0,0.008617422,0.0292,0.0425,0.0,0.17,0.01,0.5133,0.3146,0.8255,1063.0,0.0,0.81413505,0.6,0.004984518,0.199340457,0.795675025,0.0,25.0,24.0,1.0,0.0,0.0,1100.0,1.0,5.07516671241135,1.0,0.0
0.025471008,0.0,0.0062141919999999995,0.0356,0.0371,0.0,0.2,0.01,0.6593,0.1361,0.6532,1110.0,0.468187836,0.417646601,0.6,0.004984518,0.199340457,0.795675025,0.0,25.0,24.0,1.0,0.0,0.0,1100.0,1.0,5.6254589411565155,1.0,0.0
0.0,0.0,0.006846817,0.0169,0.11800000000000001,0.0,0.513730228,0.29865993,0.187609842,0.01,0.915,792.9,0.52,0.48,0.5986310968938654,0.110831234,0.177833753,0.711335013,0.0,25.0,24.0,1.0,0.0,0.0,950.0,1.0,5.0,1.0,0.0
0.0,0.024752497999999998,0.0,0.0468,0.0194,0.0,0.580952381,0.33877551,0.08027210900000001,0.01,1.134169498344654,494.0,0.452,0.435,0.6,0.239382951,0.229303669,0.53131338,0.0,25.0,24.0,1.0,0.0,0.0,800.0,2.0,5.0,0.0,0.0
0.0,0.058991292,0.0,0.0736,0.102,0.0,0.7231759659999999,0.173819742,0.103004292,0.01,1.2331525792420102,653.0,0.248,0.721,0.6,0.01542161,0.014772279,0.034228451,0.93557766,25.0,24.0,1.0,0.0,0.0,800.0,2.0,5.0,0.0,0.0
0.00975,0.0,0.0066549999999999995,0.031,0.0326,0.0,0.4396,0.01,0.3491,0.2112,1.02,615.0,0.1724,0.5948,0.6,0.004153784000000001,0.191521763,0.804324453,0.0,60.0,24.0,1.0,0.0,0.0,1100.0,1.0,5.0,0.0,0.0
0.007795999999999999,0.0,0.0078,0.0312,0.0327,0.0,0.4464,0.01,0.3589,0.1947,0.93,833.0,0.2067,0.4837,0.6,0.004154481,0.191385928,0.804459591,0.0,60.0,24.0,1.0,0.0,0.0,1100.0,1.0,5.0,0.0,0.0
0.0078,0.0,0.0059,0.031,0.031,0.0,0.5206,0.01,0.3498,0.129,0.99,1157.0,0.2452,0.5572,0.6,0.004154980999999999,0.191288625,0.804556394,0.0,60.0,24.0,1.0,0.0,0.0,1100.0,1.0,5.0,0.0,0.0
0.0103,0.0,0.005726,0.0318,0.0364,0.0,0.4414,0.01,0.3364,0.2227,0.96,754.0,0.2571,0.4709,0.6,0.004155357,0.19121549399999999,0.804629149,0.0,60.0,24.0,1.0,0.0,0.0,1100.0,1.0,5.0,0.0,0.0
0.00975,0.0,0.0066549999999999995,0.031,0.0326,0.0,0.4396,0.01,0.3491,0.2112,1.02,615.0,0.1724,0.5948,0.2,0.004153784000000001,0.191521763,0.804324453,0.0,60.0,24.0,1.0,0.0,0.0,1100.0,1.0,5.0,0.0,0.0
0.007795999999999999,0.0,0.0078,0.0312,0.0327,0.0,0.4464,0.01,0.3589,0.1947,0.93,833.0,0.2067,0.4837,0.2,0.004154481,0.191385928,0.804459591,0.0,60.0,24.0,1.0,0.0,0.0,1100.0,1.0,5.0,0.0,0.0
0.0078,0.0,0.0059,0.031,0.031,0.0,0.5206,0.01,0.3498,0.129,0.99,1157.0,0.2452,0.5572,0.2,0.004154980999999999,0.191288625,0.804556394,0.0,60.0,24.0,1.0,0.0,0.0,1100.0,1.0,5.0,0.0,0.0
0.0103,0.0,0.005726,0.0318,0.0364,0.0,0.4414,0.01,0.3364,0.2227,0.96,754.0,0.2571,0.4709,0.2,0.004155357,0.19121549399999999,0.804629149,0.0,60.0,24.0,1.0,0.0,0.0,1100.0,1.0,5.0,0.0,0.0
0.00975,0.0,0.0066549999999999995,0.031,0.0326,0.0,0.4396,0.01,0.3491,0.2112,1.02,615.0,0.1724,0.5948,0.8,0.004153784000000001,0.191521763,0.804324453,0.0,60.0,24.0,1.0,0.0,0.0,1100.0,1.0,5.0,0.0,0.0
0.007795999999999999,0.0,0.0078,0.0312,0.0327,0.0,0.4464,0.01,0.3589,0.1947,0.93,833.0,0.2067,0.4837,0.8,0.004154481,0.191385928,0.804459591,0.0,60.0,24.0,1.0,0.0,0.0,1100.0,1.0,5.0,0.0,0.0
0.0078,0.0,0.0059,0.031,0.031,0.0,0.5206,0.01,0.3498,0.129,0.99,1157.0,0.2452,0.5572,0.8,0.004154980999999999,0.191288625,0.804556394,0.0,60.0,24.0,1.0,0.0,0.0,1100.0,1.0,5.0,0.0,0.0
0.0103,0.0,0.005726,0.0318,0.0364,0.0,0.4414,0.01,0.3364,0.2227,0.96,754.0,0.2571,0.4709,0.8,0.004155357,0.19121549399999999,0.804629149,0.0,60.0,24.0,1.0,0.0,0.0,1100.0,1.0,5.0,0.0,0.0
0.0,0.0,0.0353,0.0869,0.0775,0.0,0.530153322,0.132197615,0.15161839900000001,0.18603066399999998,1.0979999999999999,654.9459021223155,0.3095595259955361,0.6254424644235069,0.5,0.009175248,0.109925669,0.880899083,0.0,35.0,24.0,1.0,0.0,0.0,900.0,3.0,5.0,0.0,0.0
0.0057,0.0,0.0159,0.061074285530657677,0.06856215174937978,0.0,0.385,0.22699999999999998,0.26899999999999996,0.11699999999999999,1.07,876.0,0.701742476,0.3,0.61115498,0.046689027,0.238341117,0.714969856,0.0,60.0,6.0,1.0,0.0,0.0,800.0,1.0,3.892927657293213,0.0,0.0
0.0057,0.0,0.0159,0.0587862451877554,0.05944109247935428,0.0,0.406,0.149,0.313,0.133,1.04,876.0,0.701742476,0.3,0.61115498,0.046689027,0.238341117,0.714969856,0.0,60.0,6.0,1.0,0.0,0.0,900.0,1.0,3.675669334502808,0.0,0.0
0.0057,0.0,0.0159,0.04696825832355521,0.057745145429158526,0.0,0.3,0.142,0.34299999999999997,0.184,1.01,876.0,0.701742476,0.3,0.61115498,0.046689027,0.238341117,0.714969856,0.0,60.0,6.0,1.0,0.0,0.0,1000.0,1.0,4.39499640238613,0.0,0.0
0.0,0.0,0.02368659,0.1244,0.1193,0.0,0.4607,0.1921,0.3472,0.01,1.17,705.1,0.0,1.0,0.20382165600000002,0.052564103,0.105128205,0.842307692,0.0,25.0,24.0,1.0,0.0,0.0,900.0,3.0,3.0,0.0,0.0
0.0,0.0,0.033394508999999996,0.1187,0.1161,0.0,0.4437,0.2005,0.3558,0.01,1.12,765.9,0.0,0.625500462,0.20382165600000002,0.051374475999999995,0.10274895099999999,0.8232446459999999,0.022631928,25.0,24.0,1.0,0.0,0.0,900.0,3.0,3.0,0.0,0.0
0.0,0.0,0.03966095,0.1182,0.1127,0.0,0.4311,0.1906,0.3783,0.01,1.04,793.3,0.0,0.731588811,0.20382165600000002,0.050237504,0.100475008,0.80502537,0.044262117999999996,25.0,24.0,1.0,0.0,0.0,900.0,3.0,3.0,0.0,0.0
0.0,0.0,0.049597471,0.1036,0.1134,0.0,0.4217,0.19,0.3883,0.01,1.11,844.9,0.0,0.7082615590000001,0.20382165600000002,0.048108135999999996,0.09621627199999999,0.770903546,0.08477204599999999,25.0,24.0,1.0,0.0,0.0,900.0,3.0,3.0,0.0,0.0
0.0,0.0,0.071082048,0.0698,0.0621,0.0,0.4153,0.1734,0.4113,0.01,1.05,274.9,0.0,0.49787678799999996,0.20382165600000002,0.044348612999999995,0.08869722699999999,0.710659487,0.156294673,25.0,24.0,1.0,0.0,0.0,900.0,3.0,3.0,0.0,0.0
0.035,0.0,0.03,0.0686,0.0712,0.0,0.460641399,0.18804664699999998,0.29008746399999996,0.06122449,0.45,1089.0,0.20600000000000002,0.794,0.5,0.006173221,0.49385764600000004,0.49385764600000004,0.006111488000000001,80.0,24.0,0.0,1.0,0.0,1000.0,10.0,10.0,0.0,1.0
0.06,0.0,0.057,0.0647,0.0924,0.0,0.44662504799999997,0.221197237,0.253739384,0.078438332,0.48,755.0,0.264,0.736,0.5,0.012196608999999999,0.487864374,0.487864374,0.012074643000000001,80.0,24.0,0.0,1.0,0.0,1000.0,10.0,10.0,0.0,1.0
0.045,0.0,0.08800000000000001,0.046,0.0803,0.0,0.432608696,0.254347826,0.21739130399999998,0.095652174,0.5,829.0,0.255,0.745,0.5,0.023815193999999998,0.476303882,0.476303882,0.023577042000000003,80.0,24.0,0.0,1.0,0.0,1000.0,10.0,10.0,0.0,1.0
0.0,0.0,0.0362,0.0965,0.10334368215560187,0.0098,0.1716,0.409,0.4194,0.01,1.05,974.0,0.075740944,0.875045737,0.5092958160000001,0.014395787284682958,0.111111111,0.8888888890000001,0.0,35.0,4.0,1.0,0.0,0.0,900.0,3.0,5.0,0.0,0.0
0.0,0.0,0.042007655,0.1151,0.13219602155702775,0.0,0.5435,0.2815,0.175,0.01,1.0690425474720409,681.0,0.314,0.6859999999999999,0.5,0.019385488,0.195884019,0.784730492,0.0,25.0,24.0,1.0,0.0,0.0,900.0,2.0,4.074907809356754,0.0,1.0
0.0,0.0,0.042053028,0.109,0.1291440667411279,0.0,0.5238,0.2792,0.19699999999999998,0.01,1.0684733357987828,691.0,0.244,0.7559999999999999,0.5,0.019385488,0.195884019,0.784730492,0.0,25.0,24.0,1.0,0.0,0.0,900.0,2.0,4.301900131793785,0.0,1.0
0.0,0.0,0.04329787400000001,0.1057,0.12603390589916294,0.0,0.5274,0.2889,0.1837,0.01,1.0569156858728084,714.0,0.23,0.77,0.5,0.019385488,0.195884019,0.784730492,0.0,25.0,24.0,1.0,0.0,0.0,900.0,2.0,4.2833597635153176,0.0,1.0
0.0,0.0,0.039317912000000003,0.1071,0.12909358838648183,0.0,0.5261,0.2787,0.1952,0.01,1.0699193922167622,771.0,0.191,0.809,0.5,0.019385488,0.195884019,0.784730492,0.0,25.0,24.0,1.0,0.0,0.0,900.0,2.0,4.314188030179118,0.0,1.0
0.0,0.0,0.0272,0.0287,0.039,0.0,0.324,0.049,0.46,0.16699999999999998,1.0203124275728226,465.0,0.453763441,0.546236559,0.4,0.004556737,0.18226947699999999,0.7668654840000001,0.046308302,60.0,24.0,1.0,0.0,0.0,1100.0,1.0,4.85687750435606,0.0,0.0
0.0,0.0,0.0429,0.0347,0.0295,0.0,0.348,0.052000000000000005,0.47100000000000003,0.129,1.0709368260124668,650.0,0.269230769,0.7307692309999999,0.4,0.0043550609999999995,0.174202457,0.7329249729999999,0.08851750900000001,60.0,24.0,1.0,0.0,0.0,1100.0,1.0,4.899608441233456,0.0,0.0
0.0,0.0,0.0267,0.0334,0.0364,0.0,0.302,0.052000000000000005,0.445,0.20800000000000002,1.0149635283889769,493.0,0.6267748479999999,0.373225152,0.4,0.004000910999999999,0.160036431,0.6733240090000001,0.162638649,60.0,24.0,1.0,0.0,0.0,1100.0,1.0,4.927592742170496,0.0,0.0
0.0195,0.0,0.1331,0.0307,0.053,0.0,0.324666667,0.051,0.45866666700000003,0.168,1.0006356139977535,541.100637326794,0.31512510139476224,0.577254460900366,0.4,0.004777998,0.19111991600000003,0.804102086,0.0,60.0,24.0,1.0,0.0,0.0,1100.0,1.0,5.1147759884656265,0.0,0.0
0.038446354,0.0,0.013822866000000001,0.0794,0.0558,0.0,0.6129,0.06515309999999999,0.2559937,0.06595319999999999,1.02,1393.0,0.420616114,0.579383886,0.642,0.01980198,0.198019802,0.782178218,0.0,120.0,4.0,1.0,0.0,0.0,800.0,2.0,1.0,1.0,1.0
0.030145997999999997,0.0,0.031748023,0.0725,0.0567,0.0,0.6009,0.07568889999999999,0.2747845,0.0486266,1.01,1393.0,0.37169159999999996,0.6283084,0.642,0.01980198,0.198019802,0.782178218,0.0,120.0,4.0,1.0,0.0,0.0,900.0,2.0,1.0,1.0,1.0
0.025885863,0.0,0.025571195,0.0678,0.0543,0.0,0.3725,0.1037354,0.4338959,0.0898687,0.99,1211.0,0.259332024,0.7406679759999999,0.642,0.01980198,0.198019802,0.782178218,0.0,120.0,4.0,1.0,0.0,0.0,1000.0,2.0,1.0,1.0,1.0
0.007358253,0.0,0.017054415,0.0331,0.0339,0.0,0.6195,0.05977330000000001,0.2520891,0.06863760000000001,1.12,1257.0,0.440860215,0.559139785,0.642,0.01980198,0.198019802,0.782178218,0.0,120.0,4.0,1.0,0.0,0.0,900.0,1.0,1.0,1.0,1.0
0.0,0.0,0.0204,0.0443,0.0325,0.0,0.5185,0.2273,0.1857,0.0685,1.0603152620131573,1104.7275590370893,0.35891858595461923,0.5814316825955873,0.2,0.001705674,0.140757334,0.55127378,0.30626321100000004,25.0,24.0,1.0,0.0,0.0,900.0,0.5,3.7587128246771937,0.0,1.0
0.021937625,0.0,0.009366259,0.0339,0.0342,0.0,0.3217,0.1783,0.4498,0.0502,1.0844089497236895,969.9889013287659,0.35754653107237916,0.5556337831122385,0.2,0.001705674,0.140757334,0.55127378,0.30626321100000004,25.0,24.0,1.0,0.0,0.0,900.0,0.5,4.11935691105255,0.0,1.0
0.0,0.0,0.0154,0.07200000000000001,0.052096922892953215,0.0,0.44580606799999994,0.01,0.429030339,0.12516359300000002,1.0922330556187287,497.0,0.7,0.29577464800000003,0.40404040399999996,0.024761678999999998,0.470471904,0.495233583,0.009532833000000001,60.0,12.0,1.0,0.0,0.0,1000.0,1.0,5.0,0.0,0.0
0.0,0.0,0.0185,0.0535,0.04923964553041227,0.0,0.41152019,0.01,0.423198733,0.165281077,1.0917804908161748,626.0,0.520766773,0.47923322700000004,0.40404040399999996,0.037142519,0.458091065,0.495233583,0.009532833000000001,60.0,12.0,1.0,0.0,0.0,1000.0,1.0,5.0,0.0,0.0
0.0,0.0,0.028999999999999998,0.0245,0.03923115259433857,0.0,0.371589085,0.01,0.46640678700000004,0.162004127,1.095135974024861,494.0,0.55465587,0.44331983799999997,0.40404040399999996,0.049523357999999996,0.445710225,0.495233583,0.009532833000000001,60.0,12.0,1.0,0.0,0.0,1000.0,1.0,5.0,0.0,0.0
0.0,0.0,0.0085,0.0424,0.0343,0.0243,0.39969091100000004,0.19462957600000003,0.28977108100000004,0.11590843199999999,1.1,1650.55,0.377136752,0.44581807100000004,0.764331212,0.129032258,0.09677419400000001,0.774193548,0.0,25.0,24.0,0.0,1.0,0.0,1000.0,2.0,5.0,1.0,0.0
0.033729371,0.0,0.020204023,0.0674,0.0731,0.0,0.12661075900000002,0.250051135,0.412354265,0.210983841,1.156,640.0,0.42459454700000004,0.575405453,0.7879999999999999,0.0096,0.1904,0.8,0.0,130.0,24.0,1.0,0.0,0.0,900.0,1.7911091498380047,5.0,0.0,0.0
0.0,0.0,0.018196676999999998,0.0421,0.0797,0.0,0.12661075900000002,0.250051135,0.412354265,0.210983841,1.103,817.0,0.457022118,0.5429778820000001,0.7879999999999999,0.0096,0.1904,0.8,0.0,130.0,24.0,1.0,0.0,0.0,1000.0,1.3031407498572398,5.0,0.0,0.0
0.0,0.0,0.013895895,0.032,0.0646,0.0,0.12661075900000002,0.250051135,0.412354265,0.210983841,1.063,407.0,0.146017961,0.853982039,0.7879999999999999,0.0096,0.1904,0.8,0.0,130.0,24.0,1.0,0.0,0.0,1100.0,1.5068833159265949,5.0,0.0,0.0
0.0049,0.0,0.00687,0.0968,0.11329711902329126,0.0,0.522641317,0.236123888,0.241234795,0.01,1.05,726.0,0.2757009684919567,0.7032753784596167,0.5,0.017172477,0.08627831400000001,0.89654921,0.0,35.0,4.0,1.0,0.0,0.0,900.0,3.0,5.0,0.0,0.0
0.0,0.0,0.038,0.0709,0.07319301076724123,0.0,0.561847988,0.154992548,0.283159463,0.01,1.044224182129937,1057.6,0.959364732,0.040635267999999995,0.407436656,0.008031933,0.24339191,0.730175729,0.018400428,71.55096592175714,10.516659290620233,1.0,0.0,0.0,950.0,3.0,2.0,0.0,0.0
0.0,0.0,0.010310748,0.0436,0.0673,0.0,0.5429999999999999,0.171,0.23199999999999998,0.054000000000000006,0.9,2313.4,0.616,0.384,0.4,0.0009644769999999999,0.04822387400000001,0.950811649,0.0,60.0,0.5,0.0,1.0,0.0,900.0,1.0,5.0,1.0,1.0
0.0,0.0,0.012078772,0.051,0.0657,0.0,0.586,0.115,0.23399999999999999,0.065,0.98,1498.5,0.555,0.445,0.4,0.001927096,0.048177408,0.9498954959999999,0.0,60.0,0.5,0.0,1.0,0.0,900.0,1.0,5.0,1.0,1.0
0.0,0.0,0.016511328000000002,0.0712,0.0524,0.0,0.6509999999999999,0.105,0.201,0.053,1.02,1288.7,0.6409999999999999,0.359,0.4,0.002887862,0.048131031,0.948981107,0.0,60.0,0.5,0.0,1.0,0.0,900.0,1.0,5.0,1.0,1.0
0.0,0.0,0.013417898000000001,0.0594,0.0589,0.0,0.528,0.14300000000000002,0.272,0.057,0.91,1186.4,0.7509999999999999,0.249,0.4,0.00384678,0.048084744000000006,0.9480684770000001,0.0,60.0,0.5,0.0,1.0,0.0,900.0,1.0,5.0,1.0,1.0
0.0,0.0,0.03737,0.0248,0.08398340275533846,0.0,0.6665406429999999,0.19206049100000003,0.14139886599999998,0.01,0.981407882000605,1217.0,0.698356511,0.301643489,0.6,0.157433543,0.168513291,0.674053166,0.0,25.0,24.0,1.0,0.0,0.0,950.0,1.0,5.0,0.0,1.0
0.0,0.0,0.03179,0.0199,0.09051286632000627,0.0,0.489669421,0.283057851,0.22727272699999998,0.01,0.9730139435776068,1003.0,0.709735577,0.290264423,0.6,0.01151584,0.197696832,0.790787328,0.0,25.0,24.0,1.0,0.0,0.0,950.0,1.0,5.0,0.0,1.0
0.0,0.0,0.03759,0.0152,0.08997053638657761,0.0,0.306024096,0.569477912,0.12449799199999999,0.01,1.010810666947196,912.0,0.75501047,0.24498953,0.6,0.015360378000000001,0.19692792399999998,0.787711698,0.0,25.0,24.0,1.0,0.0,0.0,950.0,1.0,5.0,0.0,1.0
0.0,0.0,0.0159,0.0301,0.06956242926733908,0.00808,0.167217449,0.12458691300000001,0.708195638,0.01,1.04,498.0,0.325033422,0.622159091,0.5115658356194965,0.009083401999999999,0.110101844,0.8808147540000001,0.0,35.0,6.0,1.0,0.0,0.0,900.0,3.0,5.0,0.0,1.0
0.0,0.0,0.0143,0.0621,0.08818598848507558,0.01051,0.29851842,0.226174586,0.475306994,0.01,1.0,611.0,0.061011153,0.827692069,0.5309463006514952,0.008991562,0.108988634,0.871909072,0.010110731,35.0,6.0,1.0,0.0,0.0,900.0,3.0,5.0,1.0,1.0
0.0,0.075919004,0.0,0.0381,0.0592,0.0,0.19625545,0.35660425799999995,0.23929212600000002,0.20784816600000003,1.1807543794421576,260.52,0.5452940270000001,0.454705973,0.51,0.14285714300000002,0.0,0.857142857,0.0,25.0,12.0,1.0,0.0,0.0,900.0,3.0,2.0,0.0,1.0
0.0,0.011644455,0.0,0.0038,0.6809,0.0,0.39838659600000004,0.01,0.115834109,0.485779295,1.1967556887620199,342.37,0.915676023,0.084323977,0.51,0.141176471,0.0,0.8470588240000001,0.011764706000000002,25.0,12.0,1.0,0.0,0.0,900.0,3.0,2.0,0.0,1.0
0.0,0.033558516000000004,0.0,0.0536,0.0517,0.0,0.174012952,0.51859202,0.092646752,0.214748277,1.1546243702824746,234.3,0.664874093,0.335125907,0.51,0.14285714300000002,0.0,0.857142857,0.0,25.0,12.0,1.0,0.0,0.0,900.0,3.0,2.0,0.0,1.0
0.0,0.031405117,0.0,0.0374,0.2766,0.0,0.278241572,0.309309944,0.14371763699999998,0.268730846,1.1526600765631951,418.75,0.80119403,0.19880597,0.51,0.141176471,0.0,0.8470588240000001,0.011764706000000002,25.0,12.0,1.0,0.0,0.0,900.0,3.0,2.0,0.0,1.0
0.0,0.0,0.0613,0.1378,0.0421,0.0,0.7927,0.1098,0.0791,0.0184,0.993,835.0,0.23504009899999997,0.7649599009999999,0.22,0.017084195,0.170841952,0.812073853,0.0,25.0,24.0,0.0,1.0,0.0,800.0,3.0,3.7308469556839983,0.0,1.0
